{
	"name":"ko00002",
	"children":[
	{
		"name":"Pathway modules",
		"children":[
		{
			"name":"Carbohydrate metabolism",
			"children":[
			{
				"name":"Central carbohydrate metabolism",
				"children":[
				{
					"name":"M00001  Glycolysis (Embden-Meyerhof pathway), glucose => pyruvate [PATH:map00010 map01200 map01100]"
				},
				{
					"name":"M00002  Glycolysis, core module involving three-carbon compounds [PATH:map00010 map01200 map01230 map01100]"
				},
				{
					"name":"M00003  Gluconeogenesis, oxaloacetate => fructose-6P [PATH:map00010 map00020 map01100]"
				},
				{
					"name":"M00307  Pyruvate oxidation, pyruvate => acetyl-CoA [PATH:map00010 map00020 map00620 map01200 map01100]"
				},
				{
					"name":"M00009  Citrate cycle (TCA cycle, Krebs cycle) [PATH:map00020 map01200 map01100]"
				},
				{
					"name":"M00010  Citrate cycle, first carbon oxidation, oxaloacetate => 2-oxoglutarate [PATH:map00020 map01200 map01210 map01230 map01100]"
				},
				{
					"name":"M00011  Citrate cycle, second carbon oxidation, 2-oxoglutarate => oxaloacetate [PATH:map00020 map01200 map01100]"
				},
				{
					"name":"M00004  Pentose phosphate pathway (Pentose phosphate cycle) [PATH:map00030 map01200 map01100 map01120]"
				},
				{
					"name":"M00006  Pentose phosphate pathway, oxidative phase, glucose 6P => ribulose 5P [PATH:map00030 map01200 map01100 map01120]"
				},
				{
					"name":"M00007  Pentose phosphate pathway, non-oxidative phase, fructose 6P => ribose 5P [PATH:map00030 map01200 map01230 map01100 map01120]"
				},
				{
					"name":"M00580  Pentose phosphate pathway, archaea, fructose 6P => ribose 5P [PATH:map00030 map01200 map01230 map01100 map01120]"
				},
				{
					"name":"M00005  PRPP biosynthesis, ribose 5P => PRPP [PATH:map00030 map00230 map01200 map01230 map01100]"
				},
				{
					"name":"M00008  Entner-Doudoroff pathway, glucose-6P => glyceraldehyde-3P + pyruvate [PATH:map00030 map01200 map01100 map01120]"
				},
				{
					"name":"M00308  Semi-phosphorylative Entner-Doudoroff pathway, gluconate => glycerate-3P [PATH:map00030 map01200 map01100 map01120]"
				},
				{
					"name":"M00633  Semi-phosphorylative Entner-Doudoroff pathway, gluconate\/galactonate => glycerate-3P [PATH:map00030 map00052 map01200 map01100]"
				},
				{
					"name":"M00309  Non-phosphorylative Entner-Doudoroff pathway, gluconate\/galactonate => glycerate [PATH:map00030 map00052 map01200 map01100 map01120]"
				}
				]
			},
			{
				"name":"Other carbohydrate metabolism",
				"children":[
				{
					"name":"M00014  Glucuronate pathway (uronate pathway) [PATH:map00040 map01100]"
				},
				{
					"name":"M00630  D-Galacturonate degradation (fungi), D-galacturonate => glycerol [PATH:map00040 map01100]"
				},
				{
					"name":"M00631  D-Galacturonate degradation (bacteria), D-galacturonate => pyruvate + D-glyceraldehyde 3P [PATH:map00040 map00030 map01100]"
				},
				{
					"name":"M00061  D-Glucuronate degradation, D-glucuronate => pyruvate + D-glyceraldehyde 3P [PATH:map00040 map00030 map01100]"
				},
				{
					"name":"M00081  Pectin degradation [PATH:map00040 map01100]"
				},
				{
					"name":"M00632  Galactose degradation, Leloir pathway, galactose => alpha-D-glucose-1P [PATH:map00052 map01100]"
				},
				{
					"name":"M00552  D-galactonate degradation, De Ley-Doudoroff pathway, D-galactonate => glycerate-3P [PATH:map00052 map01100]"
				},
				{
					"name":"M00129  Ascorbate biosynthesis, animals, glucose-1P => ascorbate [PATH:map00040 map00053 map01240 map01100]"
				},
				{
					"name":"M00114  Ascorbate biosynthesis, plants, fructose-6P => ascorbate [PATH:map00051 map00053 map01240 map01100 map01110]"
				},
				{
					"name":"M00550  Ascorbate degradation, ascorbate => D-xylulose-5P [PATH:map00053 map01100 map01120]"
				},
				{
					"name":"M00854  Glycogen biosynthesis, glucose-1P => glycogen\/starch [PATH:map00500 map01100]"
				},
				{
					"name":"M00855  Glycogen degradation, glycogen => glucose-6P [PATH:map00500 map01100]"
				},
				{
					"name":"M00565  Trehalose biosynthesis, D-glucose 1P => trehalose [PATH:map00500 map01100 map01110]"
				},
				{
					"name":"M00549  Nucleotide sugar biosynthesis, glucose => UDP-glucose [PATH:map00520 map01100]"
				},
				{
					"name":"M00554  Nucleotide sugar biosynthesis, galactose => UDP-galactose [PATH:map00520 map00052 map01100]"
				},
				{
					"name":"M00892  UDP-N-acetyl-D-glucosamine biosynthesis, eukaryotes, glucose => UDP-GlcNAc [PATH:map00520 map01100]"
				},
				{
					"name":"M00909  UDP-N-acetyl-D-glucosamine biosynthesis, prokaryotes, glucose => UDP-GlcNAc [PATH:map00520 map01100]"
				},
				{
					"name":"M00761  Undecaprenylphosphate alpha-L-Ara4N biosynthesis, UDP-GlcA => undecaprenyl phosphate alpha-L-Ara4N [PATH:map00520 map01100]"
				},
				{
					"name":"M00012  Glyoxylate cycle [PATH:map00630 map01200 map01100 map01110]"
				},
				{
					"name":"M00373  Ethylmalonyl pathway [PATH:map00630 map01200 map01100 map01120]"
				},
				{
					"name":"M00740  Methylaspartate cycle [PATH:map00020 map00250 map00630 map01200 map01100 map01120]"
				},
				{
					"name":"M00532  Photorespiration [PATH:map00630 map01200 map01100 map01110]"
				},
				{
					"name":"M00013  Malonate semialdehyde pathway, propanoyl-CoA => acetyl-CoA [PATH:map00410 map00640 map01200 map01100]"
				},
				{
					"name":"M00741  Propanoyl-CoA metabolism, propanoyl-CoA => succinyl-CoA [PATH:map00280 map00630 map00640 map01200 map01100]"
				},
				{
					"name":"M00130  Inositol phosphate metabolism, PI=> PIP2 => Ins(1,4,5)P3 => Ins(1,3,4,5)P4 [PATH:map00562 map01100]"
				},
				{
					"name":"M00131  Inositol phosphate metabolism, Ins(1,3,4,5)P4 => Ins(1,3,4)P3 => myo-inositol [PATH:map00562 map01100]"
				},
				{
					"name":"M00132  Inositol phosphate metabolism, Ins(1,3,4)P3 => phytate [PATH:map00562 map01100]"
				}
				]
			}
			]
		},
		{
			"name":"Energy metabolism",
			"children":[
			{
				"name":"Carbon fixation",
				"children":[
				{
					"name":"M00165  Reductive pentose phosphate cycle (Calvin cycle) [PATH:map00710 map01200 map01100 map01120]"
				},
				{
					"name":"M00166  Reductive pentose phosphate cycle, ribulose-5P => glyceraldehyde-3P [PATH:map00710 map01200 map01100 map01120]"
				},
				{
					"name":"M00167  Reductive pentose phosphate cycle, glyceraldehyde-3P => ribulose-5P [PATH:map00710 map01200 map01100 map01120]"
				},
				{
					"name":"M00168  CAM (Crassulacean acid metabolism), dark [PATH:map00620 map00710 map01200 map01100 map01120]"
				},
				{
					"name":"M00169  CAM (Crassulacean acid metabolism), light [PATH:map00620 map00710 map01200 map01100 map01120]"
				},
				{
					"name":"M00172  C4-dicarboxylic acid cycle, NADP - malic enzyme type [PATH:map00620 map00710 map01200 map01100 map01120]"
				},
				{
					"name":"M00171  C4-dicarboxylic acid cycle, NAD - malic enzyme type [PATH:map00710 map01200 map01100 map01120]"
				},
				{
					"name":"M00170  C4-dicarboxylic acid cycle, phosphoenolpyruvate carboxykinase type [PATH:map00710 map01200 map01100 map01120]"
				},
				{
					"name":"M00173  Reductive citrate cycle (Arnon-Buchanan cycle) [PATH:map00720 map01200 map01100 map01120]"
				},
				{
					"name":"M00376  3-Hydroxypropionate bi-cycle [PATH:map00720 map01200 map01100 map01120]"
				},
				{
					"name":"M00375  Hydroxypropionate-hydroxybutylate cycle [PATH:map00720 map01200 map01100 map01120]"
				},
				{
					"name":"M00374  Dicarboxylate-hydroxybutyrate cycle [PATH:map00720 map01200 map01100 map01120]"
				},
				{
					"name":"M00377  Reductive acetyl-CoA pathway (Wood-Ljungdahl pathway) [PATH:map00720 map01200 map01100 map01120]"
				},
				{
					"name":"M00579  Phosphate acetyltransferase-acetate kinase pathway, acetyl-CoA => acetate [PATH:map00430 map00620 map00720 map01200 map01100 map01120]"
				},
				{
					"name":"M00620  Incomplete reductive citrate cycle, acetyl-CoA => oxoglutarate [PATH:map00720 map01200 map01100 map01120]"
				}
				]
			},
			{
				"name":"Methane metabolism",
				"children":[
				{
					"name":"M00567  Methanogenesis, CO2 => methane [PATH:map00680 map01200 map01100 map01120]"
				},
				{
					"name":"M00357  Methanogenesis, acetate => methane [PATH:map00680 map01200 map01100 map01120]"
				},
				{
					"name":"M00356  Methanogenesis, methanol => methane [PATH:map00680 map01200 map01100 map01120]"
				},
				{
					"name":"M00563  Methanogenesis, methylamine\/dimethylamine\/trimethylamine => methane [PATH:map00680 map01200 map01100 map01120]"
				},
				{
					"name":"M00358  Coenzyme M biosynthesis [PATH:map00680 map01240 map01100 map01120]"
				},
				{
					"name":"M00608  2-Oxocarboxylic acid chain extension, 2-oxoglutarate => 2-oxoadipate => 2-oxopimelate => 2-oxosuberate [PATH:map00300 map00680 map01210 map01230 map01240 map01100 map01120]"
				},
				{
					"name":"M00174  Methane oxidation, methanotroph, methane => formaldehyde [PATH:map00680 map01200 map01220 map01100 map01120]"
				},
				{
					"name":"M00346  Formaldehyde assimilation, serine pathway [PATH:map00680 map01200 map01100 map01120]"
				},
				{
					"name":"M00345  Formaldehyde assimilation, ribulose monophosphate pathway [PATH:map00030 map00680 map01200 map01230 map01100 map01120]"
				},
				{
					"name":"M00344  Formaldehyde assimilation, xylulose monophosphate pathway [PATH:map00680 map01200 map01100 map01120]"
				},
				{
					"name":"M00378  F420 biosynthesis [PATH:map00680 map01240 map01100 map01120]"
				},
				{
					"name":"M00935  Methanofuran biosynthesis [PATH:map00680 map01240 map01100]"
				},
				{
					"name":"M00422  Acetyl-CoA pathway, CO2 => acetyl-CoA [PATH:map00680 map01200 map01100 map01120]"
				}
				]
			},
			{
				"name":"Nitrogen metabolism",
				"children":[
				{
					"name":"M00175  Nitrogen fixation, nitrogen => ammonia [PATH:map00910 map01100 map01120]"
				},
				{
					"name":"M00531  Assimilatory nitrate reduction, nitrate => ammonia [PATH:map00910 map01100 map01120]"
				},
				{
					"name":"M00530  Dissimilatory nitrate reduction, nitrate => ammonia [PATH:map00910 map01100 map01120]"
				},
				{
					"name":"M00529  Denitrification, nitrate => nitrogen [PATH:map00910 map01100 map01120]"
				},
				{
					"name":"M00528  Nitrification, ammonia => nitrite [PATH:map00910 map01100 map01120]"
				},
				{
					"name":"M00804  Complete nitrification, comammox, ammonia => nitrite => nitrate [PATH:map00910 map01100 map01120]"
				}
				]
			},
			{
				"name":"Sulfur metabolism",
				"children":[
				{
					"name":"M00176  Assimilatory sulfate reduction, sulfate => H2S [PATH:map00920 map01100 map01120]"
				},
				{
					"name":"M00596  Dissimilatory sulfate reduction, sulfate => H2S [PATH:map00920 map01100 map01120]"
				},
				{
					"name":"M00595  Thiosulfate oxidation by SOX complex, thiosulfate => sulfate [PATH:map00920 map01100 map01120]"
				}
				]
			},
			{
				"name":"Photosynthesis",
				"children":[
				{
					"name":"M00161  Photosystem II [PATH:map00195] [BR:ko00194]"
				},
				{
					"name":"M00163  Photosystem I [PATH:map00195] [BR:ko00194]"
				},
				{
					"name":"M00597  Anoxygenic photosystem II [BR:ko00194]"
				},
				{
					"name":"M00598  Anoxygenic photosystem I [BR:ko00194]"
				}
				]
			},
			{
				"name":"ATP synthesis",
				"children":[
				{
					"name":"M00144  NADH:quinone oxidoreductase, prokaryotes [PATH:map00190]"
				},
				{
					"name":"M00145  NAD(P)H:quinone oxidoreductase, chloroplasts and cyanobacteria [PATH:map00190]"
				},
				{
					"name":"M00142  NADH:ubiquinone oxidoreductase, mitochondria [PATH:map00190]"
				},
				{
					"name":"M00143  NADH dehydrogenase (ubiquinone) Fe-S protein\/flavoprotein complex, mitochondria [PATH:map00190]"
				},
				{
					"name":"M00146  NADH dehydrogenase (ubiquinone) 1 alpha subcomplex [PATH:map00190]"
				},
				{
					"name":"M00147  NADH dehydrogenase (ubiquinone) 1 beta subcomplex [PATH:map00190]"
				},
				{
					"name":"M00149  Succinate dehydrogenase, prokaryotes [PATH:map00190]"
				},
				{
					"name":"M00150  Fumarate reductase, prokaryotes [PATH:map00190]"
				},
				{
					"name":"M00148  Succinate dehydrogenase (ubiquinone) [PATH:map00190]"
				},
				{
					"name":"M00162  Cytochrome b6f complex [PATH:map00195]"
				},
				{
					"name":"M00151  Cytochrome bc1 complex respiratory unit [PATH:map00190]"
				},
				{
					"name":"M00152  Cytochrome bc1 complex [PATH:map00190]"
				},
				{
					"name":"M00154  Cytochrome c oxidase [PATH:map00190]"
				},
				{
					"name":"M00155  Cytochrome c oxidase, prokaryotes [PATH:map00190]"
				},
				{
					"name":"M00153  Cytochrome bd ubiquinol oxidase [PATH:map00190]"
				},
				{
					"name":"M00417  Cytochrome o ubiquinol oxidase [PATH:map00190]"
				},
				{
					"name":"M00416  Cytochrome aa3-600 menaquinol oxidase [PATH:map00190]"
				},
				{
					"name":"M00156  Cytochrome c oxidase, cbb3-type [PATH:map00190]"
				},
				{
					"name":"M00157  F-type ATPase, prokaryotes and chloroplasts [PATH:map00190 map00195]"
				},
				{
					"name":"M00158  F-type ATPase, eukaryotes [PATH:map00190]"
				},
				{
					"name":"M00159  V-type ATPase, prokaryotes [PATH:map00190]"
				},
				{
					"name":"M00160  V-type ATPase, eukaryotes [PATH:map00190]"
				}
				]
			}
			]
		},
		{
			"name":"Lipid metabolism",
			"children":[
			{
				"name":"Fatty acid metabolism",
				"children":[
				{
					"name":"M00082  Fatty acid biosynthesis, initiation [PATH:map00061 map01212 map01100]"
				},
				{
					"name":"M00083  Fatty acid biosynthesis, elongation [PATH:map00061 map01212 map01100]"
				},
				{
					"name":"M00873  Fatty acid biosynthesis in mitochondria, animals [PATH:map00061 map01212 map01100]"
				},
				{
					"name":"M00874  Fatty acid biosynthesis in mitochondria, fungi [PATH:map00061 map01212 map01100]"
				},
				{
					"name":"M00085  Fatty acid elongation in mitochondria [PATH:map00062 map01212 map01100]"
				},
				{
					"name":"M00415  Fatty acid elongation in endoplasmic reticulum [PATH:map00062 map01040 map01212 map01100]"
				},
				{
					"name":"M00086  beta-Oxidation, acyl-CoA synthesis [PATH:map00061 map00071 map01212 map01100]"
				},
				{
					"name":"M00087  beta-Oxidation [PATH:map00071 map01212 map01100]"
				},
				{
					"name":"M00861  beta-Oxidation, peroxisome, VLCFA [PATH:map01040 map01212 map01100]"
				}
				]
			},
			{
				"name":"Sterol biosynthesis",
				"children":[
				{
					"name":"M00101  Cholesterol biosynthesis, squalene 2,3-epoxide => cholesterol [PATH:map00100 map01100]"
				},
				{
					"name":"M00102  Ergocalciferol biosynthesis, squalene 2,3-epoxide => ergosterol\/ergocalciferol [PATH:map00100 map01100 map01110]"
				},
				{
					"name":"M00917  Phytosterol biosynthesis, squalene 2,3-epoxide => campesterol\/sitosterol [PATH:map00100 map01100 map01110]"
				},
				{
					"name":"M00103  Cholecalciferol biosynthesis [PATH:map00100 map01100]"
				},
				{
					"name":"M00104  Bile acid biosynthesis, cholesterol => cholate\/chenodeoxycholate [PATH:map00120 map01100]"
				},
				{
					"name":"M00106  Conjugated bile acid biosynthesis, cholate => taurocholate\/glycocholate [PATH:map00120 map01100]"
				},
				{
					"name":"M00862  beta-Oxidation, peroxisome, tri\/dihydroxycholestanoyl-CoA => choloyl\/chenodeoxycholoyl-CoA [PATH:map00120 map01100]"
				},
				{
					"name":"M00107  Steroid hormone biosynthesis, cholesterol => prognenolone => progesterone [PATH:map00140 map01100]"
				},
				{
					"name":"M00108  C21-Steroid hormone biosynthesis, progesterone => corticosterone\/aldosterone [PATH:map00140 map01100]"
				},
				{
					"name":"M00109  C21-Steroid hormone biosynthesis, progesterone => cortisol\/cortisone [PATH:map00140 map01100]"
				},
				{
					"name":"M00110  C19\/C18-Steroid hormone biosynthesis, pregnenolone => androstenedione => estrone [PATH:map00140 map01100]"
				}
				]
			},
			{
				"name":"Lipid metabolism",
				"children":[
				{
					"name":"M00088  Ketone body biosynthesis, acetyl-CoA => acetoacetate\/3-hydroxybutyrate\/acetone [PATH:map00072 map01100]"
				},
				{
					"name":"M00089  Triacylglycerol biosynthesis [PATH:map00561 map01100]"
				},
				{
					"name":"M00098  Acylglycerol degradation [PATH:map00561 map01100]"
				},
				{
					"name":"M00090  Phosphatidylcholine (PC) biosynthesis, choline => PC [PATH:map00564 map01100]"
				},
				{
					"name":"M00091  Phosphatidylcholine (PC) biosynthesis, PE => PC [PATH:map00564 map01100]"
				},
				{
					"name":"M00092  Phosphatidylethanolamine (PE) biosynthesis, ethanolamine => PE [PATH:map00564 map01100]"
				},
				{
					"name":"M00093  Phosphatidylethanolamine (PE) biosynthesis, PA => PS => PE [PATH:map00564 map01100]"
				},
				{
					"name":"M00094  Ceramide biosynthesis [PATH:map00600 map01100]"
				},
				{
					"name":"M00066  Lactosylceramide biosynthesis [PATH:map00600 map01100]"
				},
				{
					"name":"M00067  Sulfoglycolipids biosynthesis, ceramide\/1-alkyl-2-acylglycerol => sulfatide\/seminolipid [PATH:map00600 map00565 map01100]"
				},
				{
					"name":"M00099  Sphingosine biosynthesis [PATH:map00600 map01100]"
				},
				{
					"name":"M00100  Sphingosine degradation [PATH:map00600 map01100]"
				},
				{
					"name":"M00113  Jasmonic acid biosynthesis [PATH:map00592 map01100 map01110]"
				}
				]
			}
			]
		},
		{
			"name":"Nucleotide metabolism",
			"children":[
			{
				"name":"Purine metabolism",
				"children":[
				{
					"name":"M00048  Inosine monophosphate biosynthesis, PRPP + glutamine => IMP [PATH:map00230 map01100]"
				},
				{
					"name":"M00049  Adenine ribonucleotide biosynthesis, IMP => ADP,ATP [PATH:map00230 map01240 map01100]"
				},
				{
					"name":"M00050  Guanine ribonucleotide biosynthesis IMP => GDP,GTP [PATH:map00230 map01100]"
				},
				{
					"name":"M00546  Purine degradation, xanthine => urea [PATH:map00230 map01100]"
				}
				]
			},
			{
				"name":"Pyrimidine metabolism",
				"children":[
				{
					"name":"M00051  Uridine monophosphate biosynthesis, glutamine (+ PRPP) => UMP [PATH:map00240 map01240 map01100]"
				},
				{
					"name":"M00052  Pyrimidine ribonucleotide biosynthesis, UMP => UDP\/UTP,CDP\/CTP [PATH:map00240 map01240 map01100]"
				},
				{
					"name":"M00053  Pyrimidine deoxyribonuleotide biosynthesis, CDP\/CTP => dCDP\/dCTP,dTDP\/dTTP [PATH:map00240 map01100]"
				},
				{
					"name":"M00046  Pyrimidine degradation, uracil => beta-alanine, thymine => 3-aminoisobutanoate [PATH:map00240 map01100]"
				}
				]
			}
			]
		},
		{
			"name":"Amino acid metabolism",
			"children":[
			{
				"name":"Serine and threonine metabolism",
				"children":[
				{
					"name":"M00020  Serine biosynthesis, glycerate-3P => serine [PATH:map00260 map00680 map01200 map01230 map01100]"
				},
				{
					"name":"M00018  Threonine biosynthesis, aspartate => homoserine => threonine [PATH:map00260 map01230 map01100 map01110]"
				},
				{
					"name":"M00555  Betaine biosynthesis, choline => betaine [PATH:map00260 map01100]"
				},
				{
					"name":"M00033  Ectoine biosynthesis, aspartate => ectoine [PATH:map00260 map01210 map01230 map01100 map01120]"
				},
				{
					"name":"M00919  Ectoine degradation, ectoine => aspartate [PATH:map00260 map01100 map01120]"
				}
				]
			},
			{
				"name":"Cysteine and methionine metabolism",
				"children":[
				{
					"name":"M00021  Cysteine biosynthesis, serine => cysteine [PATH:map00270 map00920 map01200 map01230 map01100 map01110]"
				},
				{
					"name":"M00338  Cysteine biosynthesis, homocysteine + serine => cysteine [PATH:map00260 map00270 map01230 map01100]"
				},
				{
					"name":"M00609  Cysteine biosynthesis, methionine => cysteine [PATH:map00270 map01230 map01100]"
				},
				{
					"name":"M00017  Methionine biosynthesis, apartate => homoserine => methionine [PATH:map00270 map01230 map01100]"
				},
				{
					"name":"M00034  Methionine salvage pathway [PATH:map00270 map01100]"
				},
				{
					"name":"M00035  Methionine degradation [PATH:map00270 map01100]"
				},
				{
					"name":"M00368  Ethylene biosynthesis, methionine => ethylene [PATH:map00270 map01100 map01110]"
				}
				]
			},
			{
				"name":"Branched-chain amino acid metabolism",
				"children":[
				{
					"name":"M00019  Valine\/isoleucine biosynthesis, pyruvate => valine \/ 2-oxobutanoate => isoleucine [PATH:map00290 map00770 map01210 map01230 map01100 map01110]"
				},
				{
					"name":"M00535  Isoleucine biosynthesis, pyruvate => 2-oxobutanoate [PATH:map00290 map00660 map01210 map01230 map01100]"
				},
				{
					"name":"M00570  Isoleucine biosynthesis, threonine => 2-oxobutanoate => isoleucine [PATH:map00290 map01230 map01100]"
				},
				{
					"name":"M00432  Leucine biosynthesis, 2-oxoisovalerate => 2-oxoisocaproate [PATH:map00290 map01210 map01230 map01100 map01110]"
				},
				{
					"name":"M00036  Leucine degradation, leucine => acetoacetate + acetyl-CoA [PATH:map00280 map01100]"
				}
				]
			},
			{
				"name":"Lysine metabolism",
				"children":[
				{
					"name":"M00016  Lysine biosynthesis, succinyl-DAP pathway, aspartate => lysine [PATH:map00300 map01230 map01100]"
				},
				{
					"name":"M00525  Lysine biosynthesis, acetyl-DAP pathway, aspartate => lysine [PATH:map00300 map01230 map01100]"
				},
				{
					"name":"M00526  Lysine biosynthesis, DAP dehydrogenase pathway, aspartate => lysine [PATH:map00300 map01230 map01100]"
				},
				{
					"name":"M00527  Lysine biosynthesis, DAP aminotransferase pathway, aspartate => lysine [PATH:map00300 map01230 map01100 map01110]"
				},
				{
					"name":"M00030  Lysine biosynthesis, AAA pathway, 2-oxoglutarate => 2-aminoadipate => lysine [PATH:map00300 map01230 map01100]"
				},
				{
					"name":"M00433  Lysine biosynthesis, 2-oxoglutarate => 2-oxoadipate [PATH:map00300 map01210 map01230 map01100]"
				},
				{
					"name":"M00031  Lysine biosynthesis, mediated by LysW, 2-aminoadipate => lysine [PATH:map00300 map01210 map01230 map01100]"
				},
				{
					"name":"M00032  Lysine degradation, lysine => saccharopine => acetoacetyl-CoA [PATH:map00310 map01100]"
				}
				]
			},
			{
				"name":"Arginine and proline metabolism",
				"children":[
				{
					"name":"M00028  Ornithine biosynthesis, glutamate => ornithine [PATH:map00220 map01210 map01230 map01100]"
				},
				{
					"name":"M00763  Ornithine biosynthesis, mediated by LysW, glutamate => ornithine [PATH:map00220 map01210 map01230 map01100]"
				},
				{
					"name":"M00844  Arginine biosynthesis, ornithine => arginine [PATH:map00220 map01230 map01100]"
				},
				{
					"name":"M00845  Arginine biosynthesis, glutamate => acetylcitrulline => arginine [PATH:map00220 map01230 map01100]"
				},
				{
					"name":"M00029  Urea cycle [PATH:map00220 map01230 map01100]"
				},
				{
					"name":"M00015  Proline biosynthesis, glutamate => proline [PATH:map00330 map01230 map01100]"
				},
				{
					"name":"M00047  Creatine pathway [PATH:map00330 map01100]"
				},
				{
					"name":"M00879  Arginine succinyltransferase pathway, arginine => glutamate [PATH:map00330 map01100]"
				}
				]
			},
			{
				"name":"Polyamine biosynthesis",
				"children":[
				{
					"name":"M00133  Polyamine biosynthesis, arginine => agmatine => putrescine => spermidine [PATH:map00330 map01100]"
				},
				{
					"name":"M00134  Polyamine biosynthesis, arginine => ornithine => putrescine [PATH:map00330 map01100]"
				},
				{
					"name":"M00135  GABA biosynthesis, eukaryotes, putrescine => GABA [PATH:map00330 map01100]"
				},
				{
					"name":"M00136  GABA biosynthesis, prokaryotes, putrescine => GABA [PATH:map00330 map01100]"
				}
				]
			},
			{
				"name":"Histidine metabolism",
				"children":[
				{
					"name":"M00026  Histidine biosynthesis, PRPP => histidine [PATH:map00340 map01230 map01100 map01110]"
				},
				{
					"name":"M00045  Histidine degradation, histidine => N-formiminoglutamate => glutamate [PATH:map00340 map01100]"
				}
				]
			},
			{
				"name":"Aromatic amino acid metabolism",
				"children":[
				{
					"name":"M00022  Shikimate pathway, phosphoenolpyruvate + erythrose-4P => chorismate [PATH:map00400 map01230 map01100 map01110]"
				},
				{
					"name":"M00023  Tryptophan biosynthesis, chorismate => tryptophan [PATH:map00400 map01230 map01100 map01110]"
				},
				{
					"name":"M00024  Phenylalanine biosynthesis, chorismate => phenylpyruvate => phenylalanine [PATH:map00400 map01230 map01100 map01110]"
				},
				{
					"name":"M00910  Phenylalanine biosynthesis, chorismate => arogenate => phenylalanine [PATH:map00400 map01230 map01100 map01110]"
				},
				{
					"name":"M00025  Tyrosine biosynthesis, chorismate => HPP => tyrosine [PATH:map00400 map01230 map01100]"
				},
				{
					"name":"M00040  Tyrosine biosynthesis, chorismate => arogenate => tyrosine [PATH:map00400 map01230 map01100 map01110]"
				},
				{
					"name":"M00042  Catecholamine biosynthesis, tyrosine => dopamine => noradrenaline => adrenaline [PATH:map00350 map01100]"
				},
				{
					"name":"M00043  Thyroid hormone biosynthesis, tyrosine => triiodothyronine\/thyroxine [PATH:map00350 map01100]"
				},
				{
					"name":"M00044  Tyrosine degradation, tyrosine => homogentisate [PATH:map00350 map01100]"
				},
				{
					"name":"M00533  Homoprotocatechuate degradation, homoprotocatechuate => 2-oxohept-3-enedioate [PATH:map00350 map01220 map01100 map01120]"
				},
				{
					"name":"M00037  Melatonin biosynthesis, animals, tryptophan => serotonin => melatonin [PATH:map00380 map01100]"
				},
				{
					"name":"M00936  Melatonin biosynthesis, plants, tryptophan => serotonin => melatonin [PATH:map00380 map01100 map01110]"
				},
				{
					"name":"M00038  Tryptophan metabolism, tryptophan => kynurenine => 2-aminomuconate [PATH:map00380 map01100]"
				}
				]
			},
			{
				"name":"Other amino acid metabolism",
				"children":[
				{
					"name":"M00027  GABA (gamma-Aminobutyrate) shunt [PATH:map00250 map00650 map01100]"
				},
				{
					"name":"M00369  Cyanogenic glycoside biosynthesis, tyrosine => dhurrin [PATH:map00460 map01100 map01110]"
				},
				{
					"name":"M00118  Glutathione biosynthesis, glutamate => glutathione [PATH:map00480 map01240 map01100]"
				}
				]
			}
			]
		},
		{
			"name":"Glycan metabolism",
			"children":[
			{
				"name":"Glycan biosynthesis",
				"children":[
				{
					"name":"M00055  N-glycan precursor biosynthesis [PATH:map00510 map01100]"
				},
				{
					"name":"M00072  N-glycosylation by oligosaccharyltransferase [PATH:map00510 map00513 map01100]"
				},
				{
					"name":"M00073  N-glycan precursor trimming [PATH:map00510 map01100]"
				},
				{
					"name":"M00074  N-glycan biosynthesis, high-mannose type [PATH:map00510 map00513 map01100]"
				},
				{
					"name":"M00075  N-glycan biosynthesis, complex type [PATH:map00510 map01100]"
				},
				{
					"name":"M00056  O-glycan biosynthesis, mucin type core [PATH:map00512 map01100]"
				},
				{
					"name":"M00872  O-glycan biosynthesis, mannose type (core M3) [PATH:map00515 map01100]"
				},
				{
					"name":"M00065  GPI-anchor biosynthesis, core oligosaccharide [PATH:map00563 map01100]"
				},
				{
					"name":"M00070  Glycosphingolipid biosynthesis, lacto-series, LacCer => Lc4Cer [PATH:map00601 map01100]"
				},
				{
					"name":"M00071  Glycosphingolipid biosynthesis, neolacto-series, LacCer => nLc4Cer [PATH:map00601 map01100]"
				},
				{
					"name":"M00068  Glycosphingolipid biosynthesis, globo-series, LacCer => Gb4Cer [PATH:map00603 map01100]"
				},
				{
					"name":"M00069  Glycosphingolipid biosynthesis, ganglio series, LacCer => GT3 [PATH:map00604 map01100]"
				}
				]
			},
			{
				"name":"Glycosaminoglycan metabolism",
				"children":[
				{
					"name":"M00057  Glycosaminoglycan biosynthesis, linkage tetrasaccharide [PATH:map00532 map00534 map01100]"
				},
				{
					"name":"M00058  Glycosaminoglycan biosynthesis, chondroitin sulfate backbone [PATH:map00532 map01100]"
				},
				{
					"name":"M00059  Glycosaminoglycan biosynthesis, heparan sulfate backbone [PATH:map00534 map01100]"
				},
				{
					"name":"M00076  Dermatan sulfate degradation [PATH:map00531 map01100]"
				},
				{
					"name":"M00077  Chondroitin sulfate degradation [PATH:map00531 map01100]"
				},
				{
					"name":"M00078  Heparan sulfate degradation [PATH:map00531 map01100]"
				},
				{
					"name":"M00079  Keratan sulfate degradation [PATH:map00531 map01100]"
				}
				]
			},
			{
				"name":"Lipopolysaccharide metabolism",
				"children":[
				{
					"name":"M00060  KDO2-lipid A biosynthesis, Raetz pathway, LpxL-LpxM type [PATH:map00540 map01100]"
				},
				{
					"name":"M00866  KDO2-lipid A biosynthesis, Raetz pathway, non-LpxL-LpxM type [PATH:map00540 map01100]"
				},
				{
					"name":"M00867  KDO2-lipid A modification pathway [PATH:map00540 map01100]"
				},
				{
					"name":"M00063  CMP-KDO biosynthesis [PATH:map00540 map01100]"
				},
				{
					"name":"M00064  ADP-L-glycero-D-manno-heptose biosynthesis [PATH:map00540 map01100]"
				},
				{
					"name":"M00922  CMP-Neu5Ac biosynthesis [PATH:map00541 map01100]"
				},
				{
					"name":"M00923  UDP-L-FucNAm biosynthesis [PATH:map00541 map01100]"
				}
				]
			}
			]
		},
		{
			"name":"Metabolism of cofactors and vitamins",
			"children":[
			{
				"name":"Cofactor and vitamin metabolism",
				"children":[
				{
					"name":"M00127  Thiamine biosynthesis, prokaryotes, AIR (+ DXP\/tyrosine) => TMP\/TPP [PATH:map00730 map01240 map01100]"
				},
				{
					"name":"M00895  Thiamine biosynthesis, prokaryotes, AIR (+ DXP\/glycine) => TMP\/TPP [PATH:map00730 map01240 map01100]"
				},
				{
					"name":"M00896  Thiamine biosynthesis, archaea, AIR (+ NAD+) => TMP\/TPP [PATH:map00730 map01240 map01100]"
				},
				{
					"name":"M00897  Thiamine biosynthesis, plants, AIR (+ NAD+) => TMP\/thiamine\/TPP [PATH:map00730 map01240 map01100]"
				},
				{
					"name":"M00898  Thiamine biosynthesis, pyridoxal-5P => TMP\/thiamine\/TPP [PATH:map00730 map01240 map01100]"
				},
				{
					"name":"M00899  Thiamine salvage pathway, HMP\/HET => TMP [PATH:map00730 map01100]"
				},
				{
					"name":"M00125  Riboflavin biosynthesis, plants and bacteria, GTP => riboflavin\/FMN\/FAD [PATH:map00740 map01240 map01100 map01110]"
				},
				{
					"name":"M00911  Riboflavin biosynthesis, fungi, GTP => riboflavin\/FMN\/FAD [PATH:map00740 map01240 map01100]"
				},
				{
					"name":"M00124  Pyridoxal-P biosynthesis, erythrose-4P => pyridoxal-P [PATH:map00750 map01240 map01100]"
				},
				{
					"name":"M00916  Pyridoxal-P biosynthesis, R5P + glyceraldehyde-3P + glutamine => pyridoxal-P [PATH:map00750 map01240 map01100]"
				},
				{
					"name":"M00115  NAD biosynthesis, aspartate => quinolinate => NAD [PATH:map00760 map01240 map01100]"
				},
				{
					"name":"M00912  NAD biosynthesis, tryptophan => quinolinate => NAD [PATH:map00380 map00760 map01240 map01100]"
				},
				{
					"name":"M00810  Nicotine degradation, pyridine pathway, nicotine => 2,6-dihydroxypyridine\/succinate semialdehyde [PATH:map00760 map01100 map01120]"
				},
				{
					"name":"M00811  Nicotine degradation, pyrrolidine pathway, nicotine => succinate semialdehyde [PATH:map00760 map01100 map01120]"
				},
				{
					"name":"M00622  Nicotinate degradation, nicotinate => fumarate [PATH:map00760 map01100 map01120]"
				},
				{
					"name":"M00119  Pantothenate biosynthesis, valine\/L-aspartate => pantothenate [PATH:map00770 map01240 map01100 map01110]"
				},
				{
					"name":"M00913  Pantothenate biosynthesis, 2-oxoisovalerate\/spermine => pantothenate [PATH:map00770 map01240 map01100]"
				},
				{
					"name":"M00120  Coenzyme A biosynthesis, pantothenate => CoA [PATH:map00770 map01240 map01100]"
				},
				{
					"name":"M00914  Coenzyme A biosynthesis, archaea, 2-oxoisovalerate => 4-phosphopantoate => CoA [PATH:map00770 map01240 map01100]"
				},
				{
					"name":"M00572  Pimeloyl-ACP biosynthesis, BioC-BioH pathway, malonyl-ACP => pimeloyl-ACP [PATH:map00780 map01240 map01100]"
				},
				{
					"name":"M00123  Biotin biosynthesis, pimeloyl-ACP\/CoA => biotin [PATH:map00780 map01240 map01100]"
				},
				{
					"name":"M00573  Biotin biosynthesis, BioI pathway, long-chain-acyl-ACP => pimeloyl-ACP => biotin [PATH:map00780 map01240 map01100]"
				},
				{
					"name":"M00577  Biotin biosynthesis, BioW pathway, pimelate => pimeloyl-CoA => biotin [PATH:map00780 map01240 map01100]"
				},
				{
					"name":"M00881  Lipoic acid biosynthesis, plants and bacteria, octanoyl-ACP => dihydrolipoyl-E2\/H [PATH:map00785 map01240 map01100]"
				},
				{
					"name":"M00882  Lipoic acid biosynthesis, eukaryotes, octanoyl-ACP => dihydrolipoyl-H [PATH:map00785 map01240 map01100]"
				},
				{
					"name":"M00883  Lipoic acid biosynthesis, animals and bacteria, octanoyl-ACP => dihydrolipoyl-H => dihydrolipoyl-E2 [PATH:map00785 map01240 map01100]"
				},
				{
					"name":"M00884  Lipoic acid biosynthesis, octanoyl-CoA => dihydrolipoyl-E2 [PATH:map00785 map01240 map01100]"
				},
				{
					"name":"M00126  Tetrahydrofolate biosynthesis, GTP => THF [PATH:map00790 map00670 map01240 map01100]"
				},
				{
					"name":"M00840  Tetrahydrofolate biosynthesis, mediated by ribA and trpF, GTP => THF [PATH:map00790 map01240 map01100]"
				},
				{
					"name":"M00841  Tetrahydrofolate biosynthesis, mediated by PTPS, GTP => THF [PATH:map00790 map01240 map01100]"
				},
				{
					"name":"M00842  Tetrahydrobiopterin biosynthesis, GTP => BH4 [PATH:map00790 map01240 map01100]"
				},
				{
					"name":"M00843  L-threo-Tetrahydrobiopterin biosynthesis, GTP => L-threo-BH4 [PATH:map00790 map01240 map01100]"
				},
				{
					"name":"M00880  Molybdenum cofactor biosynthesis, GTP => molybdenum cofactor [PATH:map00790 map01240 map01100]"
				},
				{
					"name":"M00140  C1-unit interconversion, prokaryotes [PATH:map00670 map01240 map01100]"
				},
				{
					"name":"M00141  C1-unit interconversion, eukaryotes [PATH:map00670 map01240 map01100]"
				},
				{
					"name":"M00846  Siroheme biosynthesis, glutamyl-tRNA => siroheme [PATH:map00860 map01240 map01100 map01110]"
				},
				{
					"name":"M00868  Heme biosynthesis, animals and fungi, glycine => heme [PATH:map00860 map01240 map01100 map01110]"
				},
				{
					"name":"M00121  Heme biosynthesis, plants and bacteria, glutamate => heme [PATH:map00860 map01240 map01100 map01110]"
				},
				{
					"name":"M00926  Heme biosynthesis, bacteria, glutamyl-tRNA => coproporphyrin III => heme [PATH:map00860 map01240 map01100]"
				},
				{
					"name":"M00847  Heme biosynthesis, archaea, siroheme => heme [PATH:map00860 map01240 map01100 map01110]"
				},
				{
					"name":"M00924  Cobalamin biosynthesis, anaerobic, uroporphyrinogen III => sirohydrochlorin => cobyrinate a,c-diamide [PATH:map00860 map01240 map01100]"
				},
				{
					"name":"M00925  Cobalamin biosynthesis, aerobic, uroporphyrinogen III => precorrin 2 => cobyrinate a,c-diamide [PATH:map00860 map01240 map01100]"
				},
				{
					"name":"M00122  Cobalamin biosynthesis, cobyrinate a,c-diamide => cobalamin [PATH:map00860 map01240 map01100]"
				},
				{
					"name":"M00836  Coenzyme F430 biosynthesis, sirohydrochlorin => coenzyme F430 [PATH:map00860 map01240 map01100 map01120]"
				},
				{
					"name":"M00117  Ubiquinone biosynthesis, prokaryotes, chorismate (+ polyprenyl-PP) => ubiquinol [PATH:map00130 map01240 map01100 map01110]"
				},
				{
					"name":"M00128  Ubiquinone biosynthesis, eukaryotes, 4-hydroxybenzoate + polyprenyl-PP => ubiquinol [PATH:map00130 map01240 map01100]"
				},
				{
					"name":"M00116  Menaquinone biosynthesis, chorismate (+ polyprenyl-PP) => menaquinol [PATH:map00130 map01240 map01100 map01110]"
				},
				{
					"name":"M00930  Menaquinone biosynthesis, futalosine pathway [PATH:map00130 map01240 map01100]"
				},
				{
					"name":"M00931  Menaquinone biosynthesis, modified futalosine pathway [PATH:map00130 map01240 map01100]"
				},
				{
					"name":"M00932  Phylloquinone biosynthesis, chorismate (+ phytyl-PP) => phylloquinol [PATH:map00130 map01240 map01100 map01110]"
				},
				{
					"name":"M00112  Tocopherol\/tocotorienol biosynthesis, homogentisate + phytyl\/geranylgeranyl-PP => tocopherol\/tocotorienol [PATH:map00130 map01240 map01100 map01110]"
				},
				{
					"name":"M00933  Plastoquinone biosynthesis, homogentisate + solanesyl-PP => plastoquinol [PATH:map00130 map01240 map01100 map01110]"
				}
				]
			}
			]
		},
		{
			"name":"Biosynthesis of terpenoids and polyketides",
			"children":[
			{
				"name":"Terpenoid backbone biosynthesis",
				"children":[
				{
					"name":"M00095  C5 isoprenoid biosynthesis, mevalonate pathway [PATH:map00900 map01100 map01110]"
				},
				{
					"name":"M00849  C5 isoprenoid biosynthesis, mevalonate pathway, archaea [PATH:map00900 map01100 map01110]"
				},
				{
					"name":"M00096  C5 isoprenoid biosynthesis, non-mevalonate pathway [PATH:map00900 map01100 map01110]"
				},
				{
					"name":"M00364  C10-C20 isoprenoid biosynthesis, bacteria [PATH:map00900 map01100 map01110]"
				},
				{
					"name":"M00365  C10-C20 isoprenoid biosynthesis, archaea [PATH:map00900 map01100 map01110]"
				},
				{
					"name":"M00366  C10-C20 isoprenoid biosynthesis, plants [PATH:map00900 map01100 map01110]"
				},
				{
					"name":"M00367  C10-C20 isoprenoid biosynthesis, non-plant eukaryotes [PATH:map00900 map01100 map01110]"
				}
				]
			},
			{
				"name":"Plant terpenoid biosynthesis",
				"children":[
				{
					"name":"M00097  beta-Carotene biosynthesis, GGAP => beta-carotene [PATH:map00906 map01100 map01110]"
				},
				{
					"name":"M00372  Abscisic acid biosynthesis, beta-carotene => abscisic acid [PATH:map00906 map01100 map01110]"
				},
				{
					"name":"M00371  Castasterone biosynthesis, campesterol => castasterone [PATH:map00905 map01100 map01110]"
				},
				{
					"name":"M00927  Gibberellin A12 biosynthesis, GAPP => GA12 [PATH:map00904 map01100 map01110]"
				},
				{
					"name":"M00928  Gibberellin A4\/A1 biosynthesis, GA12 => GA4 \/ GA53 => GA1 [PATH:map00904 map01100 map01110]"
				},
				{
					"name":"M00929  Gibberellin A1 biosynthesis, GGPP => GA1 [PATH:map00904 map01100 map01110]"
				}
				]
			},
			{
				"name":"Macrolide biosynthesis",
				"children":[
				{
					"name":"M00773  Tylosin biosynthesis, methylmalonyl-CoA + malonyl-CoA => tylactone => tylosin [PATH:map00522 map01100 map01110]"
				},
				{
					"name":"M00934  Mycinamicin biosynthesis, malonyl-CoA + methylmalonyl-CoA => protomycinolide IV => mycinamicin II [PATH:map00522 map01100 map01110]"
				},
				{
					"name":"M00774  Erythromycin biosynthesis, propanoyl-CoA + methylmalonyl-CoA => deoxyerythronolide B => erythromycin A\/B [PATH:map00522 map01100 map01110]"
				},
				{
					"name":"M00775  Oleandomycin biosynthesis, malonyl-CoA + methylmalonyl-CoA => 8,8a-deoxyoleandolide => oleandomycin [PATH:map00522 map01100 map01110]"
				},
				{
					"name":"M00776  Pikromycin\/methymycin biosynthesis, methylmalonyl-CoA + malonyl-CoA => narbonolide\/10-deoxymethynolide => pikromycin\/methymycin [PATH:map00522 map01100 map01110]"
				},
				{
					"name":"M00777  Avermectin biosynthesis, 2-methylbutanoyl-CoA\/isobutyryl-CoA => 6,8a-Seco-6,8a-deoxy-5-oxoavermectin 1a\/1b aglycone => avermectin A1a\/B1a\/A1b\/B1b [PATH:map00522 map01100 map01110]"
				}
				]
			},
			{
				"name":"Enediyne biosynthesis",
				"children":[
				{
					"name":"M00824  9-membered enediyne core biosynthesis, malonyl-CoA => 3-hydroxyhexadeca-4,6,8,10,12,14-hexaenoyl-ACP => 9-membered enediyne core [PATH:map01059 map01100 map01110]"
				},
				{
					"name":"M00825  10-membered enediyne core biosynthesis, malonyl-CoA => 3-hydroxyhexadeca-4,6,8,10,12,14-hexaenoyl-ACP => 10-membered enediyne core [PATH:map01059 map01100 map01110]"
				},
				{
					"name":"M00826  C-1027 benzoxazolinate moiety biosynthesis, chorismate => benzoxazolinyl-CoA [PATH:map01059 map01100 map01110]"
				},
				{
					"name":"M00827  C-1027 beta-amino acid moiety biosynthesis, tyrosine => 3-chloro-4,5-dihydroxy-beta-phenylalanyl-PCP [PATH:map01059 map01100 map01110]"
				},
				{
					"name":"M00828  Maduropeptin beta-hydroxy acid moiety biosynthesis, tyrosine => 3-(4-hydroxyphenyl)-3-oxopropanoyl-PCP [PATH:map01059 map01100 map01110]"
				},
				{
					"name":"M00829  3,6-Dimethylsalicylyl-CoA biosynthesis, malonyl-CoA => 6-methylsalicylate => 3,6-dimethylsalicylyl-CoA [PATH:map01059 map01100 map01110]"
				},
				{
					"name":"M00830  Neocarzinostatin naphthoate moiety biosynthesis, malonyl-CoA => 2-hydroxy-5-methyl-1-naphthoate => 2-hydroxy-7-methoxy-5-methyl-1-naphthoyl-CoA [PATH:map01059 map01100 map01110]"
				},
				{
					"name":"M00831  Kedarcidin 2-hydroxynaphthoate moiety biosynthesis, malonyl-CoA => 3,6,8-trihydroxy-2-naphthoate => 3-hydroxy-7,8-dimethoxy-6-isopropoxy-2-naphthoyl-CoA [PATH:map01059 map01100 map01110]"
				},
				{
					"name":"M00832  Kedarcidin 2-aza-3-chloro-beta-tyrosine moiety biosynthesis, azatyrosine => 2-aza-3-chloro-beta-tyrosyl-PCP [PATH:map01059 map01100 map01110]"
				},
				{
					"name":"M00834  Calicheamicin orsellinate moiety biosynthesis, malonyl-CoA => orsellinate-ACP => 5-iodo-2,3-dimethoxyorsellinate-ACP [PATH:map01059 map01100 map01110]"
				},
				{
					"name":"M00833  Calicheamicin biosynthesis, calicheamicinone => calicheamicin [PATH:map01059 map01100 map01110]"
				}
				]
			},
			{
				"name":"Type II polyketide biosynthesis",
				"children":[
				{
					"name":"M00778  Type II polyketide backbone biosynthesis, acyl-CoA + malonyl-CoA => polyketide [PATH:map01056 map00253 map01100 map01110]"
				},
				{
					"name":"M00779  Dihydrokalafungin biosynthesis, octaketide => dihydrokalafungin [PATH:map01057 map01100 map01110]"
				},
				{
					"name":"M00780  Tetracycline\/oxytetracycline biosynthesis, pretetramide => tetracycline\/oxytetracycline [PATH:map00253 map01057 map01100 map01110]"
				},
				{
					"name":"M00823  Chlortetracycline biosynthesis, pretetramide => chlortetracycline [PATH:map00253 map01057 map01100 map01110]"
				},
				{
					"name":"M00781  Nogalavinone\/aklavinone biosynthesis, deoxynogalonate\/deoxyaklanonate => nogalavinone\/aklavinone [PATH:map01057 map01100 map01110]"
				},
				{
					"name":"M00782  Mithramycin biosynthesis, 4-demethylpremithramycinone => mithramycin [PATH:map01057 map01100 map01110]"
				},
				{
					"name":"M00783  Tetracenomycin C\/8-demethyltetracenomycin C biosynthesis, tetracenomycin F2 => tetracenomycin C\/8-demethyltetracenomycin C [PATH:map01057 map01100 map01110]"
				},
				{
					"name":"M00784  Elloramycin biosynthesis, 8-demethyltetracenomycin C => elloramycin A [PATH:map01057 map01100 map01110]"
				}
				]
			},
			{
				"name":"Polyketide sugar unit biosynthesis",
				"children":[
				{
					"name":"M00793  dTDP-L-rhamnose biosynthesis [PATH:map00521 map00523 map00541 map01100 map01110]"
				},
				{
					"name":"M00794  dTDP-6-deoxy-D-allose biosynthesis [PATH:map00523 map01100 map01110]"
				},
				{
					"name":"M00795  dTDP-beta-L-noviose biosynthesis [PATH:map00523 map01100 map01110]"
				},
				{
					"name":"M00796  dTDP-D-mycaminose biosynthesis [PATH:map00523 map01100 map01110]"
				},
				{
					"name":"M00797  dTDP-D-desosamine biosynthesis [PATH:map00523 map01100 map01110]"
				},
				{
					"name":"M00798  dTDP-L-mycarose biosynthesis [PATH:map00523 map01100 map01110]"
				},
				{
					"name":"M00799  dTDP-L-oleandrose biosynthesis [PATH:map00523 map01100 map01110]"
				},
				{
					"name":"M00800  dTDP-L-megosamine biosynthesis [PATH:map00523 map01100 map01110]"
				},
				{
					"name":"M00801  dTDP-L-olivose biosynthesis [PATH:map00523 map01100 map01110]"
				},
				{
					"name":"M00802  dTDP-D-forosamine biosynthesis [PATH:map00523 map01100 map01110]"
				},
				{
					"name":"M00803  dTDP-D-angolosamine biosynthesis [PATH:map00523 map01100 map01110]"
				}
				]
			}
			]
		},
		{
			"name":"Biosynthesis of other secondary metabolites",
			"children":[
			{
				"name":"Biosynthesis of phytochemical compounds",
				"children":[
				{
					"name":"M00039  Monolignol biosynthesis, phenylalanine\/tyrosine => monolignol [PATH:map00940 map01100 map01110]"
				},
				{
					"name":"M00137  Flavanone biosynthesis, phenylalanine => naringenin [PATH:map00940 map00941 map01100 map01110]"
				},
				{
					"name":"M00138  Flavonoid biosynthesis, naringenin => pelargonidin [PATH:map00941 map01100 map01110]"
				},
				{
					"name":"M00370  Glucosinolate biosynthesis, tryptophan => glucobrassicin [PATH:map00380 map00966 map01210 map01100 map01110]"
				},
				{
					"name":"M00900  Cronin biosynthesis, zeaxanthin => crocin [PATH:map00999 map01100 map01110]"
				},
				{
					"name":"M00894  Cannabidiol biosynthesis, malonyl-CoA => cannabidiol\/dronabinol [PATH:map00999 map01100 map01110]"
				},
				{
					"name":"M00902  Podophyllotoxin biosynthesis, coniferyl alcohol => podophyllotoxin [PATH:map00998 map01100 map01110]"
				}
				]
			},
			{
				"name":"Biosynthesis of beta-lactams",
				"children":[
				{
					"name":"M00672  Penicillin biosynthesis, aminoadipate + cycteine + valine => penicillin [PATH:map00311 map01100 map01110]"
				},
				{
					"name":"M00673  Cephamycin C biosynthesis, aminoadipate + cycteine + valine => cephamycin C [PATH:map00311 map01100 map01110]"
				},
				{
					"name":"M00675  Carbapenem-3-carboxylate biosynthesis, pyrroline-5-carboxylate + malonyl-CoA => carbapenem-3-carboxylate [PATH:map00332 map01100 map01110]"
				},
				{
					"name":"M00736  Nocardicin A biosynthesis, L-pHPG + arginine + serine => nocardicin A [PATH:map00261 map01100 map01110]"
				},
				{
					"name":"M00674  Clavaminate biosynthesis, arginine + glyceraldehyde-3P => clavaminate [PATH:map00331 map01100 map01110]"
				}
				]
			},
			{
				"name":"Biosynthesis of other antibiotics",
				"children":[
				{
					"name":"M00877  Kanosamine biosynthesis glucose 6-phosphate => kanosamine [PATH:map00998 map01100 map01110]"
				},
				{
					"name":"M00889  Puromycin biosynthesis, ATP => puromycin [PATH:map00998 map01100 map01110]"
				},
				{
					"name":"M00815  Validamycin A biosynthesis, sedoheptulopyranose-7P => validamycin A [PATH:map00525 map01100 map01110]"
				},
				{
					"name":"M00904  Dapdiamides biosynthesis, L-2,3-diaminopropanoate => dapdiamide A\/B\/C [PATH:map00997 map01100 map01110]"
				},
				{
					"name":"M00785  Cycloserine biosynthesis, arginine\/serine => cycloserine [PATH:map00997 map01100 map01110]"
				},
				{
					"name":"M00787  Bacilysin biosynthesis, prephenate => bacilysin [PATH:map00998 map01100 map01110]"
				},
				{
					"name":"M00848  Aurachin biosynthesis, anthranilate => aurachin A [PATH:map00998 map01100 map01110]"
				},
				{
					"name":"M00788  Terpentecin biosynthesis, GGAP => terpentecin [PATH:map00999 map01100 map01110]"
				},
				{
					"name":"M00819  Pentalenolactone biosynthesis, farnesyl-PP => pentalenolactone [PATH:map00999 map01100 map01110]"
				},
				{
					"name":"M00903  Fosfomycin biosynthesis, phosphoenolpyruvate => fosfomycin [PATH:map00998 map01100 map01110]"
				},
				{
					"name":"M00890  Roseoflavin biosynthesis, FMN => roseoflavin [PATH:map00997 map01100 map01110]"
				}
				]
			},
			{
				"name":"Biosynthesis of other fungal compounds",
				"children":[
				{
					"name":"M00661  Paspaline biosynthesis, geranylgeranyl-PP + indoleglycerol phosphate => paspaline [PATH:map00403 map01100 map01110]"
				},
				{
					"name":"M00786  Fumitremorgin alkaloid biosynthesis, tryptophan + proline => fumitremorgin C\/A [PATH:map00404 map01100 map01110]"
				},
				{
					"name":"M00893  Lovastatin biosynthesis, malonyl-CoA => lovastatin acid [PATH:map00999 map01100 map01110]"
				},
				{
					"name":"M00891  Ditryptophenaline biosynthesis, tryptophan + phenylalanine => ditryptophenaline [PATH:map00998 map01100 map01110]"
				},
				{
					"name":"M00901  Fumiquinazoline biosynthesis, tryptophan + alanine + anthranilate => fumiquinazoline [PATH:map00998 map01100 map01110]"
				}
				]
			},
			{
				"name":"Biosynthesis of other bacterial compounds",
				"children":[
				{
					"name":"M00814  Acarbose biosynthesis, sedoheptulopyranose-7P => acarbose [PATH:map00525 map01100 map01110]"
				},
				{
					"name":"M00789  Rebeccamycin biosynthesis, tryptophan => rebeccamycin [PATH:map00404 map01100 map01110]"
				},
				{
					"name":"M00790  Pyrrolnitrin biosynthesis, tryptophan => pyrrolnitrin [PATH:map00404 map01100 map01110]"
				},
				{
					"name":"M00805  Staurosporine biosynthesis, tryptophan => staurosporine [PATH:map00404 map01100 map01110]"
				},
				{
					"name":"M00808  Violacein biosynthesis, tryptophan => violacein [PATH:map00404 map01100 map01110]"
				},
				{
					"name":"M00835  Pyocyanine biosynthesis, chorismate => pyocyanine [PATH:map00405 map01100 map01110]"
				},
				{
					"name":"M00837  Prodigiosin biosynthesis, L-proline => prodigiosin [PATH:map00333 map01100 map01110]"
				},
				{
					"name":"M00838  Undecylprodigiosin biosynthesis, L-proline => undecylprodigiosin [PATH:map00333 map01100 map01110]"
				},
				{
					"name":"M00921  Cyclooctatin biosynthesis, dimethylallyl-PP + isopentenyl-PP => cyclooctatin [PATH:map00900 map00999 map01100 map01110]"
				},
				{
					"name":"M00905  Grixazone biosynthesis, aspartate 4-semialdehyde => grixazone B [PATH:map00997 map01100 map01110]"
				},
				{
					"name":"M00876  Staphyloferrin A biosynthesis, L-ornithine => staphyloferrin A [PATH:map00997 map01100 map01110]"
				},
				{
					"name":"M00875  Staphyloferrin B biosynthesis, L-serine => staphyloferrin B [PATH:map00997 map01100 map01110]"
				},
				{
					"name":"M00918  Aerobactin biosynthesis, lysine => aerobactin [PATH:map00997 map01100 map01110]"
				},
				{
					"name":"M00906  Ethynylserine biosynthesis, lysine => ethynylserine [PATH:map00997 map01100 map01110]"
				}
				]
			}
			]
		},
		{
			"name":"Xenobiotics biodegradation",
			"children":[
			{
				"name":"Aromatics degradation",
				"children":[
				{
					"name":"M00538  Toluene degradation, toluene => benzoate [PATH:map00623 map01220 map01100 map01120]"
				},
				{
					"name":"M00537  Xylene degradation, xylene => methylbenzoate [PATH:map00622 map01220 map01100 map01120]"
				},
				{
					"name":"M00419  Cymene degradation, p-cymene => p-cumate [PATH:map00622 map01220 map01100 map01120]"
				},
				{
					"name":"M00547  Benzene\/toluene degradation, benzene => catechol \/ toluene => 3-methylcatechol [PATH:map00361 map00362 map00623 map01220 map01100 map01120]"
				},
				{
					"name":"M00548  Benzene degradation, benzene => catechol [PATH:map00361 map00362 map01220 map01100 map01120]"
				},
				{
					"name":"M00551  Benzoate degradation, benzoate => catechol \/ methylbenzoate => methylcatechol [PATH:map00362 map00622 map01220 map01100 map01120]"
				},
				{
					"name":"M00637  Anthranilate degradation, anthranilate => catechol [PATH:map00627 map01100 map01120]"
				},
				{
					"name":"M00568  Catechol ortho-cleavage, catechol => 3-oxoadipate [PATH:map00362 map01220 map01100 map01120]"
				},
				{
					"name":"M00569  Catechol meta-cleavage, catechol => acetyl-CoA \/ 4-methylcatechol => propanoyl-CoA [PATH:map00362 map00622 map01220 map01100 map01120]"
				},
				{
					"name":"M00539  Cumate degradation, p-cumate => 2-oxopent-4-enoate + 2-methylpropanoate [PATH:map00622 map01220 map01100 map01120]"
				},
				{
					"name":"M00543  Biphenyl degradation, biphenyl => 2-oxopent-4-enoate + benzoate [PATH:map00621 map01220 map01100 map01120]"
				},
				{
					"name":"M00544  Carbazole degradation, carbazole => 2-oxopent-4-enoate + anthranilate [PATH:map00621 map01220 map01100 map01120]"
				},
				{
					"name":"M00418  Toluene degradation, anaerobic, toluene => benzoyl-CoA [PATH:map00623 map01220 map01100 map01120]"
				},
				{
					"name":"M00541  Benzoyl-CoA degradation, benzoyl-CoA => 3-hydroxypimeloyl-CoA [PATH:map00362 map01220 map01100 map01120]"
				},
				{
					"name":"M00540  Benzoate degradation, cyclohexanecarboxylic acid =>pimeloyl-CoA [PATH:map00362 map01220 map01100 map01120]"
				},
				{
					"name":"M00534  Naphthalene degradation, naphthalene => salicylate [PATH:map00626 map01220 map01100 map01120]"
				},
				{
					"name":"M00638  Salicylate degradation, salicylate => gentisate [PATH:map00626 map01100 map01120]"
				},
				{
					"name":"M00624  Terephthalate degradation, terephthalate => 3,4-dihydroxybenzoate [PATH:map00624 map01220 map01100 map01120]"
				},
				{
					"name":"M00623  Phthalate degradation, phthalate => protocatechuate [PATH:map00624 map01220 map01100 map01120]"
				},
				{
					"name":"M00636  Phthalate degradation, phthalate => protocatechuate [PATH:map00624 map01220 map01100 map01120]"
				},
				{
					"name":"M00878  Phenylacetate degradation, phenylaxetate => acetyl-CoA\/succinyl-CoA [PATH:map00360 map01100 map01120]"
				},
				{
					"name":"M00545  Trans-cinnamate degradation, trans-cinnamate => acetyl-CoA [PATH:map00360 map01220 map01100 map01120]"
				},
				{
					"name":"M00915  Caffeine degradation, caffeine => xanthine [PATH:map00232 map01100 map01120]"
				}
				]
			}
			]
		}
		]
	},
	{
		"name":"Signature modules",
		"children":[
		{
			"name":"Gene set",
			"children":[
			{
				"name":"Pathogenicity",
				"children":[
				{
					"name":"M00852  Vibrio cholerae pathogenicity signature, toxin coregulated pilus [PATH:map05110 map05111] [BR:ko02044]"
				},
				{
					"name":"M00850  Vibrio cholerae pathogenicity signature, cholera toxins [PATH:map05110]"
				},
				{
					"name":"M00542  EHEC\/EPEC pathogenicity signature, T3SS and effectors [PATH:map05130]"
				},
				{
					"name":"M00363  EHEC pathogenicity signature, Shiga toxin [PATH:map05130 map05131]"
				},
				{
					"name":"M00853  ETEC pathogenicity signature, colonization factors"
				},
				{
					"name":"M00576  ETEC pathogenicity signature, heat-labile and heat-stable enterotoxins"
				},
				{
					"name":"M00856  Salmonella enterica pathogenicity signature, typhoid toxin"
				},
				{
					"name":"M00857  Salmonella enterica pathogenicity signature, Vi antigen"
				},
				{
					"name":"M00575  Pertussis pathogenicity signature, T1SS [PATH:map05133]"
				},
				{
					"name":"M00574  Pertussis pathogenicity signature, pertussis toxin [PATH:map05133]"
				},
				{
					"name":"M00564  Helicobacter pylori pathogenicity signature, cagA pathogenicity island [PATH:map05120]"
				},
				{
					"name":"M00859  Bacillus anthracis pathogenicity signature, anthrax toxin"
				},
				{
					"name":"M00860  Bacillus anthracis pathogenicity signature, polyglutamic acid capsule biosynthesis"
				}
				]
			},
			{
				"name":"Drug resistance",
				"children":[
				{
					"name":"M00851  Carbapenem resistance [PATH:map01501]"
				},
				{
					"name":"M00625  Methicillin resistance [PATH:map01501]"
				},
				{
					"name":"M00627  beta-Lactam resistance, Bla system [PATH:map01501]"
				},
				{
					"name":"M00745  Imipenem resistance, repression of porin OprD"
				},
				{
					"name":"M00651  Vancomycin resistance, D-Ala-D-Lac type [PATH:map01502 map02020]"
				},
				{
					"name":"M00652  Vancomycin resistance, D-Ala-D-Ser type [PATH:map01502 map02020]"
				},
				{
					"name":"M00704  Tetracycline resistance, efflux pump Tet38"
				},
				{
					"name":"M00725  Cationic antimicrobial peptide (CAMP) resistance, dltABCD operon [PATH:map01503]"
				},
				{
					"name":"M00726  Cationic antimicrobial peptide (CAMP) resistance, lysyl-phosphatidylglycerol (L-PG) synthase MprF [PATH:map01503]"
				},
				{
					"name":"M00730  Cationic antimicrobial peptide (CAMP) resistance, VraFG transporter [PATH:map01503]"
				},
				{
					"name":"M00744  Cationic antimicrobial peptide (CAMP) resistance, protease PgtE"
				},
				{
					"name":"M00718  Multidrug resistance, efflux pump MexAB-OprM"
				},
				{
					"name":"M00639  Multidrug resistance, efflux pump MexCD-OprJ"
				},
				{
					"name":"M00641  Multidrug resistance, efflux pump MexEF-OprN"
				},
				{
					"name":"M00642  Multidrug resistance, efflux pump MexJK-OprM"
				},
				{
					"name":"M00643  Multidrug resistance, efflux pump MexXY-OprM"
				},
				{
					"name":"M00769  Multidrug resistance, efflux pump MexPQ-OpmE"
				},
				{
					"name":"M00649  Multidrug resistance, efflux pump AdeABC [PATH:map01501]"
				},
				{
					"name":"M00696  Multidrug resistance, efflux pump AcrEF-TolC"
				},
				{
					"name":"M00697  Multidrug resistance, efflux pump MdtEF-TolC"
				},
				{
					"name":"M00698  Multidrug resistance, efflux pump BpeEF-OprC"
				},
				{
					"name":"M00700  Multidrug resistance, efflux pump AbcA"
				},
				{
					"name":"M00702  Multidrug resistance, efflux pump NorB"
				},
				{
					"name":"M00714  Multidrug resistance, efflux pump QacA"
				},
				{
					"name":"M00705  Multidrug resistance, efflux pump MepA"
				},
				{
					"name":"M00746  Multidrug resistance, repression of porin OmpF"
				}
				]
			},
			{
				"name":"Plant pathogenicity",
				"children":[
				{
					"name":"M00660  Xanthomonas spp. pathogenicity signature, T3SS and effectors"
				}
				]
			},
			{
				"name":"Symbiosis",
				"children":[
				{
					"name":"M00664  Nodulation"
				}
				]
			}
			]
		},
		{
			"name":"Module set",
			"children":[
			{
				"name":"Metabolic capacity",
				"children":[
				{
					"name":"M00611  Oxygenic photosynthesis in plants and cyanobacteria"
				},
				{
					"name":"M00612  Anoxygenic photosynthesis in purple bacteria"
				},
				{
					"name":"M00613  Anoxygenic photosynthesis in green nonsulfur bacteria"
				},
				{
					"name":"M00614  Anoxygenic photosynthesis in green sulfur bacteria"
				},
				{
					"name":"M00617  Methanogen"
				},
				{
					"name":"M00618  Acetogen"
				},
				{
					"name":"M00615  Nitrate assimilation"
				},
				{
					"name":"M00616  Sulfate-sulfur assimilation"
				}
				]
			}
			]
		}
		]
	}
	]
}

